comment_id,submission_id,comment_author,comment_body,comment_score,comment_parent_id,comment_created_utc,created_datetime,subreddit,query,source,bronze_year,bronze_month,bronze_day,bronze_source_file,title,text,url,post_author,score,num_comments,upvote_ratio,created_utc,author,body,parent_id,1p5fb6j,48 billion math error ?,"Just came across this on my feed. If all that is true, it’s very concerning.

“…Strategy Inc. just disclosed something extraordinary. They own 649,870 Bitcoin. That is 3.26 percent of every Bitcoin that will ever exist. Total cost: $48.37 billion.

They also disclosed the numbers that prove this cannot survive the next 90 days….”

“…Strategy has $54 million in cash. They owe $700 million per year in preferred stock dividends. Their software business generates negative cash flow. To pay dividends, they must raise $700 million in new capital every single year before buying a single additional Bitcoin...”

https://x.com/shanaka86/status/1992740665957155059?s=46

",https://www.reddit.com/r/CryptoCurrency/comments/1p5fb6j/48_billion_math_error/,Hidden5G,0,10,0.47,CryptoCurrency,bitcoin OR ethereum,reddit_post,1763985909.0,2025-11-24T12:05:09,combined_text,sentiment,sentiment_confidence
